timestamp,x_mean,y_mean,z_mean
1.8528922250000002,0.39458265658577124,-0.12728792961227373,-0.012007475195540282
1.9057376270000002,1.6151776973930982,-1.1420963005381917,0.9661456331639234
1.9825561850000002,1.8606749623632906,-1.5682826176057392,1.4401041901294385
2.045589116,2.092134654538857,-1.7497892397615724,1.717615679600595
2.1226953650000002,2.4128203610629995,-1.8812117580175853,1.9303459759338877
2.1916320270000003,2.6678378542948615,-2.1966598686490384,2.0376692755814863
2.260533251,2.8748644626062574,-2.373996489443747,2.2268084944363533
2.3278744380000003,3.0032855604996302,-2.478885596774356,2.3294403172547935
2.4147625610000003,3.076062149298582,-2.538230968994343,2.3795314472285045
2.4754575670000003,3.0781749384180728,-2.5381209983583384,2.3808065805628638
2.5330396050000004,3.111593351736773,-2.5630175311171155,2.403210473380381
2.588581698,3.1105663480626204,-2.5621834939389263,2.4021510195411944
2.647109736,3.11084092742106,-2.562280908821314,2.4023935625724127
2.704960588,3.113587059175973,-2.564416934839733,2.4047688985842153
2.7715602670000004,3.111319540222091,-2.5627545602170274,2.4028713954346665
2.851672048,3.1099750725992292,-2.5617194321827634,2.401827337136077
2.906233154,3.1150113343970522,-2.5653698823041244,2.4058913862665845
2.9655798690000004,3.109870307787107,-2.561287902748281,2.4015034059340543
3.0203847010000002,3.1109732866888304,-2.5623867635751063,2.402498439337597
3.086270192,3.1092353085160886,-2.5610447315850435,2.401165722482016
3.1474302680000004,3.1104876104724952,-2.5619009375120494,2.402044428049668
3.2251704400000003,3.1123767088813565,-2.5635133772853758,2.403664721910038
3.2879296680000003,3.109664951959152,-2.5611091103975525,2.401302926151547
3.3543225800000003,3.1149277490817444,-2.5654574531812027,2.405830669681014
3.4152963200000004,3.1104579159101013,-2.561826430659765,2.402059529733274
3.471006795,3.111996886215607,-2.5631700492461693,2.403395773487211
3.5324522880000004,3.111461068660433,-2.5627001057327243,2.4028656555872945
3.6164656770000003,3.1110604286503034,-2.5625342087224157,2.402704793041448
3.6805796170000002,3.109092725062818,-2.561029073880107,2.4010058981314897
3.745865992,3.1129799618276364,-2.563866054140001,2.4041627639471224
3.807550131,3.113298359266961,-2.56407390382559,2.4044180376747577
3.871396379,3.1129663280124986,-2.5638740331527994,2.404165129020429
3.928799944,3.1087970341105353,-2.56081624372966,2.400862791359714
3.980640272,3.1114513073134495,-2.562577341982438,2.4028733093858676
4.0578678230000005,3.1134160842638146,-2.5642581204391366,2.4045205982248192
4.111673993,3.112714595828807,-2.5637450996297293,2.403995259362801
4.1691160620000005,3.1092572926890227,-2.561224615794795,2.401233701607877
4.223367565,3.1143402399811477,-2.5648434972223217,2.405273052055113
4.27662793,3.1102908864011343,-2.5617114075072904,2.4019765784204985
4.3335830070000005,3.11085267798371,-2.562238770946785,2.402392555125196
4.416256983,3.111321512036966,-2.562520966477802,2.4027448446440527
4.476319569,3.1127419811180874,-2.5636082476878097,2.403956714440211
4.537247901000001,3.1139866265277796,-2.5646609759925907,2.404997555946268
4.601226382,3.108680460052922,-2.5605641837644324,2.4005801612796946
4.662093196000001,3.1128200752606108,-2.563814855656991,2.4041920742638405
4.719991579,3.111300439217264,-2.562592692919628,2.402749494454081
4.794551253000001,3.11092375553209,-2.5623248323485117,2.4024384783645316
4.856021202,3.1119589315690654,-2.5631118839152984,2.403244595412118
4.911030786,3.111619767382802,-2.5627838329515007,2.4030327711175103
4.963536797000001,3.113985280430424,-2.5644616647479226,2.4049257218417313
5.01652927,3.1119134505928074,-2.563102150889315,2.403346701310548
5.074078033,3.1128067961728685,-2.5637633087692344,2.4039779818663964
5.131868139000001,3.1085975451506522,-2.56067728620122,2.400644719667598
5.2135825780000005,3.112841974206613,-2.5636251802223584,2.4039356238261345
5.2717970560000005,3.113236650773736,-2.563986979276278,2.4043252672528905
5.327244477000001,3.1124476388627595,-2.563356759143827,2.4035475868593266
5.3852796220000005,3.111509614846032,-2.562767006888447,2.4029306874138543
5.458304067,3.112004181831896,-2.563125715488369,2.403373091329442
5.524246156,3.1095581831739745,-2.561171944308771,2.401295755130957
5.611280307,3.106348025804081,-2.5590534625687695,2.3988651259565636
5.6726370500000005,3.1106316419223368,-2.5620284401497218,2.4021942425796254
5.734073855,3.108572993730949,-2.560643133934036,2.4006029855078097
5.79433486,3.1130256278437938,-2.5640821572910966,2.4042997532441452
5.864766122000001,3.110027679856422,-2.5615000495217033,2.4016837195477616
5.9208957490000005,3.1128606710715196,-2.563752611097246,2.404127861246417
6.002029146000001,3.1118886235013594,-2.5629500046993603,2.4032805629370393
6.0577785550000005,3.1126942065079377,-2.563562579347168,2.403974764379117
6.118854399,3.11293016086842,-2.563679036869512,2.40388408276763
6.178085864000001,3.1124241593987483,-2.563446760296433,2.4037028932839664
6.236882987,3.1123513701230685,-2.5634371649669823,2.4036587917299035
6.2945425230000005,3.1101062702889686,-2.5616091934861167,2.401710506404889
6.347658742,3.112224574382078,-2.5632381492065095,2.403566938542674
6.416376023000001,3.1098836176274354,-2.5614550107647336,2.401549482958614
6.470678022,3.1085815571578226,-2.560498541939401,2.400560522497268
6.526721955,3.1107892227497835,-2.5622591685542546,2.402281272182165
6.588998538,3.110192854890021,-2.561733081924763,2.401838305045428
6.65354239,3.111643919058715,-2.562584571767408,2.402855350972005
6.725038029,3.1120036119504872,-2.563017408490471,2.4032881481336323
6.815842096000001,3.1106047565892223,-2.5621535884717765,2.402304107483514
6.881585484,3.1098081833052724,-2.56151487887245,2.40152034892433
6.955930167,3.1098567190596635,-2.5614994237566724,2.4016721502450302
7.031517067,3.1087738229153494,-2.560691408085563,2.4006956170043274
7.097136408000001,3.1114066875217667,-2.562621524374488,2.402912171833566
7.1620928500000005,3.1070970548258456,-2.5594359163972036,2.399362588698955
7.250869286,3.1112860401215383,-2.562559053461463,2.4027883316706684
7.306497813000001,3.1097170498742015,-2.5612536267660397,2.4014271066071036
7.359778457000001,3.1095974505040975,-2.5612564800333324,2.401374693346563
7.413881355000001,3.1090537709365607,-2.560853219603179,2.4009383676579024
7.466731795,3.109870206994799,-2.561539191727717,2.4017522855330227
7.516280486,3.111954057176684,-2.5630019877767296,2.4032051156763004
7.570379045,3.1087060447283434,-2.5608589726143935,2.400796310175518
7.641723023000001,3.1077171450402936,-2.559756817294622,2.399711764727974
7.699404621,3.110742229263679,-2.562152820092592,2.402337974878173
7.759162302000001,3.1106422706315033,-2.56203064848036,2.4021793401170477
7.816988446000001,3.1141955873651224,-2.5646837140695293,2.40506672305835
7.882440046,3.10984399160008,-2.5613187293060165,2.4015865881152343
7.945529123000001,3.1103228364919597,-2.561848083730685,2.4019931407801667
8.023886436,3.1110874969491666,-2.562401035293863,2.402436904549411
8.080959689,3.113186671718655,-2.564242116925338,2.4043741247476764
8.139439354,3.113201237670356,-2.5640388997105625,2.4044386009391063
8.194557515,3.1126448925924994,-2.5633290617572726,2.4037784577261982
8.252913573,3.111034554396848,-2.5622881312140557,2.4025441921010966
8.311223804,3.1103921764562354,-2.561830014481199,2.401891638577929
8.386680103,3.1109460003735796,-2.562365473010661,2.402525471274816
8.44354641,3.112725410775189,-2.5637600242435727,2.4039630478117946
8.500730956,3.1091374902007463,-2.5609469451594387,2.4010472563355325
8.557908409000001,3.1129995777338046,-2.5638183292071415,2.4040794440836772
8.612135313000001,3.108580496518612,-2.5604323323299156,2.4005058796526293
8.669077075,3.1104338684948774,-2.561889599686778,2.4020391628626645
8.723548638,3.114788612217195,-2.565050074462198,2.4054952271766794
8.798537452,3.1099052682485957,-2.561465261339433,2.4016431580505966
8.853148532,3.1149355338739584,-2.565297383006545,2.4057499413315404
8.909276927,3.1091730500588906,-2.5610100967842064,2.401140687904204
8.964494728,3.1122673496906494,-2.5632935582982967,2.403610497692068
9.019524890000001,3.111609581779129,-2.562988377228431,2.4031545246849912
9.074838335,3.1097961938506047,-2.5614100495328223,2.4015093541793773
9.147749983,3.113156936968609,-2.564030336055607,2.40429374493731
9.200488038000001,3.11168227803401,-2.5628304790742615,2.403105180006264
9.258347145,3.110460551264205,-2.5618558149051216,2.4019441688505876
9.318995101,3.1119252657544947,-2.5630245180530107,2.4031982597636588
9.379711286000001,3.1111830545419252,-2.5623895581401115,2.4025722468069173
9.43906821,3.1100700169409103,-2.5615780765419367,2.4016806191303144
9.518619067000001,3.1092639396265986,-2.56090447555454,2.401064109606478
9.579670805000001,3.112510778888836,-2.5635816067179906,2.403793788085595
9.639168177,3.1085356184947184,-2.560467368946979,2.4005283055574558
9.695740782000001,3.1105579809191712,-2.5617735353717364,2.4019287371208655
9.753513393,3.1115120878370104,-2.5628176211584845,2.403008015319171
9.820752103,3.1101109439829178,-2.5616802500986235,2.401812403008556
9.873547728,3.109841720675931,-2.5615179106390977,2.401565067843227
9.944748703,3.1091995791286835,-2.5609239808112765,2.4009268300774917
9.998727462000002,3.111834210958829,-2.5631646001556994,2.403332258617909
10.052992620000001,3.111362277742722,-2.5625875786545405,2.40274830337907
10.104946875000001,3.112050302307679,-2.5631856784723293,2.4033441928950916
10.159567142,3.113377062671991,-2.563847600184557,2.4042174905252565
10.214775395,3.1097054629824536,-2.561332042214057,2.401422787657322
10.29280497,3.1110195276427657,-2.5623391719365993,2.402575488239411
10.352379200000001,3.109676071440302,-2.5613890589870514,2.4015554691475365
10.409964623,3.109585977091759,-2.561084489089925,2.4013128606563887
10.466138013,3.111066432678102,-2.5622867660154074,2.4025203310509307
10.519558314000001,3.110016884572632,-2.5614926558088915,2.4016937888685232
10.572791145,3.1119595166811846,-2.5632536262458854,2.4033261743041145
10.642220208000001,3.1110706935187022,-2.5625637803303167,2.402713883947309
10.694835277000001,3.1107811776346805,-2.562087205761494,2.4023477215835296
10.747156854,3.1114741578471,-2.5627395045018866,2.4028638583988404
10.801214896000001,3.109493256262016,-2.561224300564624,2.40134414342038
10.855049489,3.1105456520972927,-2.562055348813953,2.40223267197378
10.908507562,3.110839169518298,-2.5622558075022592,2.402410758225023
10.961272187,3.1096549267357387,-2.561284209636567,2.4013591666149896
11.034679284000001,3.110624718119566,-2.562053592050782,2.4021881833839744
11.092638292,3.11246136297883,-2.5632147890538692,2.4035013526590316
11.148903027000001,3.111327468841997,-2.5625611040925986,2.4027514297728128
11.202118967,3.111562310669177,-2.562726369894608,2.402954232576777
11.256211854,3.1110306425994523,-2.5623491595310943,2.4024127226733922
11.314519359,3.1098537884347666,-2.5613908157514644,2.4015469490197368
11.387769977000001,3.1117359086758447,-2.5629377803145017,2.4032122473441713
11.444066152000001,3.108826437371426,-2.560763599914342,2.40080969502553
11.506613973,3.111735508020381,-2.562758455784754,2.4029939234636535
11.565863792,3.1098473515057443,-2.5615182226211877,2.4015849046519135
11.623348812000001,3.1068574272756995,-2.5593355987681927,2.399303376634842
11.675611848,3.1154245893675685,-2.5657243861483927,2.406166493377042
11.750786157,3.10932108783346,-2.5611793978324853,2.4012402225844056
11.808276838000001,3.11376604495041,-2.5643839835967435,2.404764062585389
11.867405565,3.1113720613378373,-2.5627896114234763,2.4029135850066026
11.926431705,3.114133708233284,-2.5647668096279217,2.4052110749017404
11.983268525000002,3.1102184010459775,-2.561770229742189,2.4019188599084798
12.040450926,3.1090297992944365,-2.5609533456255975,2.4010129414149186
12.096707916000002,3.108606343809724,-2.560542300020215,2.4005900712400834
12.172751489000001,3.109043644336653,-2.5608984982576772,2.4009116043221232
12.230699115,3.110883875126488,-2.5622883413573767,2.402391915378244
12.287699228000001,3.1131532726231224,-2.5640450320327233,2.4042648846935424
12.34787588,3.1135713703817793,-2.564237586894359,2.404512052442307
12.407733733,3.1132553813109416,-2.5640891086116766,2.4043992422870817
12.466806572000001,3.111354208874486,-2.562654728947682,2.4028643490602835
12.539396856000002,3.1158041361770055,-2.5659169415325804,2.406156421993745
12.593146817000001,3.115538496349748,-2.5656457507431156,2.4051980919784857
12.646685714,3.1196175150754484,-2.5686299820919993,2.4080209312673055
12.698857164000001,3.1295565024323917,-2.5761441325384915,2.414370668834093
12.752895347,3.137713696004888,-2.5819285106027903,2.4185778699689937
12.80765481,3.1416954293453125,-2.5852587164257264,2.420187062754595
12.880543925000001,3.15568183937664,-2.5952762609100715,2.427064788482793
12.953387152000001,3.2099710024878663,-2.6319946268226904,2.4332133951368986
13.013740453,3.257471677551689,-2.6710375660841037,2.4555814368613125
13.077747637000002,3.263919728520109,-2.675930223174802,2.457457791012037
13.131584014000001,3.2694992174702664,-2.6797962512280074,2.4586708405571267
13.185027809000001,3.2733995436812093,-2.682716780300155,2.459216480831679
13.238290868,3.272864043065211,-2.6818873935258254,2.458244551907784
13.306375637,3.27762318665584,-2.6852315221484244,2.458782526279089
13.362802703000002,3.2795202278206275,-2.686667102779673,2.4587866298568404
13.417651748,3.285657761597827,-2.691648767417657,2.46012449725745
13.473939236000001,3.284171494459806,-2.6898684715073635,2.4591023726329735
13.532750204000001,3.2873644802568713,-2.6924469349314295,2.4593096650851693
13.597258658000001,3.2884634046355923,-2.692381635733037,2.458878571758502
13.680540625,3.2886903389452002,-2.692776762408802,2.4577841964506106
13.741580350000001,3.294561726531952,-2.696920579373215,2.4584148875838485
13.811986642,3.3039740926324184,-2.700246082886509,2.4612199734791655
13.878694115,3.3359615351527143,-2.7209761208227383,2.4743751896458535
13.937809977,3.3364131758498328,-2.721168354136538,2.4743621724375924
13.99511402,3.3409441433471225,-2.724251145711519,2.475488066591214
14.072846536,3.337767557495592,-2.7221291598525603,2.474332006751365
14.132851760000001,3.341347303678329,-2.7248087901891647,2.4752355199835034
14.190311993000002,3.3432818873022656,-2.726296446994882,2.4757957203061576
14.245184903,3.341624292546003,-2.724693889058841,2.474960373943104
14.302612083000001,3.3421724555696604,-2.7251760033086496,2.4751112937459774
14.358960718,3.3397793419786916,-2.723471958858488,2.4742286274680336
14.418788402,3.341712453998946,-2.724790562495114,2.4748225854837953
14.493722651,3.3466005811281074,-2.72823671029483,2.4760721872783598
14.553268877,3.3417278659602063,-2.7250641025377185,2.4745972576313537
14.615739860000001,3.344148490954134,-2.7263903091374,2.4754714253657064
14.670985514000002,3.345544817549954,-2.7275692175022197,2.475698454553977
14.725249940000001,3.345010264719849,-2.727149100353499,2.4752590394527645
14.780270202,3.34466173129715,-2.7270015756462755,2.4751894828675503
14.851284258000002,3.3462955656576048,-2.727861120577394,2.475677257912671
14.905065188000002,3.3460573751116027,-2.7274656032853386,2.4755663054744046
14.959658714000001,3.3492417989588366,-2.7301184697683687,2.476230555172973
15.015587806000001,3.343271800455958,-2.7260539699858093,2.4745367967358796
15.071914519000002,3.3433885239443284,-2.7264526037493875,2.47473430143125
15.127087774000001,3.343775876866441,-2.7264301846589816,2.4747561310587534
15.199665773000001,3.3423593919437375,-2.7258179847422648,2.474650438442768
15.254330836000001,3.34366804541158,-2.7272599898857286,2.475249970945326
15.309421172,3.3400639006665553,-2.7250220181301,2.4744059202427677
15.366524121000001,3.337241039327026,-2.723393743524892,2.4738721834090502
15.430646335,3.329125340015435,-2.7177555905436916,2.4718028093343474
15.490312801000002,3.3243056507892605,-2.7149043652768055,2.4706991070923188
15.545922081,3.321275523253248,-2.7132400562688854,2.470076426348365
15.618069565,3.315071791189557,-2.7084942099888227,2.4681816955906006
15.673058878,3.310146986989053,-2.7043248085426654,2.466371369449125
15.730665100000001,3.305304199603045,-2.6997859584395942,2.4643146315889974
15.788619338,3.3019264370323054,-2.6960203040038535,2.4624828289969614
15.843540431000001,3.2964191404791707,-2.689636884952405,2.4594183932498384
15.898292039000001,3.286863824080685,-2.6770736081136,2.4530373365246927
15.967153674,3.2823147437733096,-2.668135281944839,2.447685950334259
16.019989666,3.278227126180938,-2.659020209192203,2.4424137052670156
16.074516213000003,3.273606678028188,-2.6497580316687803,2.4369211946001625
16.129645644,3.2720169336457214,-2.641087991992438,2.432463503688563
16.185708432000002,3.2721723998203744,-2.6393917035216576,2.431528090887622
16.240272140000002,3.2720998593456114,-2.6311299656124834,2.4282937164549354
16.315758286,3.2704132368930954,-2.621669644616227,2.424515480809312
16.4017869,3.2865138970604106,-2.6423788031267894,2.4482538918665147
16.463696459,3.2865138970604106,-2.6423788031267894,2.4482538918665147
16.525580409,3.2869059417271607,-2.643764337480941,2.4498056009597917
16.585627873,3.2908381091646906,-2.656171299296605,2.453314539946905
16.648655241,3.291237780781578,-2.657914485262341,2.454610195581309
16.70896095,3.2940443264126436,-2.66694818132126,2.456659944655966
16.783673845000003,3.29730149996696,-2.6773412821505085,2.458369614509031
16.845005167,3.298753023948064,-2.6821357174097686,2.4591571828178607
16.906787472,3.3037764182727107,-2.6973746360832993,2.460276061727999
16.968055623,3.3051040774746734,-2.7017047130689242,2.460402151954647
17.028725349000002,3.307652166172619,-2.709535032671142,2.4603996952866978
17.089470979,3.31599801597238,-2.733499121818252,2.4592982172323707
17.162077773,3.3206129642053828,-2.746352429764524,2.456984563940319
17.222964133,3.3264280284492806,-2.763012312577644,2.453207924162183
17.278845674,3.3307352697602983,-2.7738419699234558,2.4504759786425887
17.337271535000003,3.3401760960527334,-2.7968442529282016,2.4433991553608325
17.395753222,3.34499245825194,-2.807847163053943,2.436477642445357
17.456522338000003,3.356415144654588,-2.828279139835205,2.419366819299225
17.536795325,3.390078933198822,-2.877669972209946,2.4169696937933627
17.596504813000003,3.3958511728847065,-2.884511759158303,2.4128741771254583
17.658535673,3.405641701979317,-2.896224780128437,2.4071325518748825
17.719839953,3.4050508105733277,-2.8951250475503088,2.4061767543659234
17.784067198000002,3.409418338495227,-2.902403819192289,2.4021748514022168
17.85024706,3.412371035466981,-2.9079250077913024,2.398533142043847
17.915090214000003,3.413235626531063,-2.912515066659908,2.396341695015162
18.005798124000002,3.4094375842996154,-2.912713093727179,2.3955092755407863
18.072952491000002,3.404552662427429,-2.911032179365794,2.3961704479804786
18.136076224,3.3979631268706214,-2.9071019575240675,2.398203642199684
18.195540292,3.394723720843784,-2.9058402701140476,2.3995336090629285
18.254772986000003,3.3875868243869367,-2.900400311580569,2.402276970415748
18.316623081,3.3783238528285033,-2.888772144137357,2.4072542932867553
18.392635914,3.372906121486255,-2.88192820390874,2.410062747231012
18.454937132,3.3659546613964593,-2.8671039939808876,2.414565415367684
18.517749699,3.360759101563583,-2.8520537799293755,2.418076347642754
18.579367148000003,3.3586003432597953,-2.843587371801109,2.419613765762892
18.638845603,3.356876338268535,-2.8303630146075784,2.421343486581706
18.698009206000002,3.3563158450126616,-2.8153042594345665,2.4225117634917805
18.771560116,3.3572090395035987,-2.7984088523982735,2.4231063450772417
18.830354853000003,3.3601890946916244,-2.7752862547122663,2.4232795748886407
18.89545069,3.3646006658624215,-2.762056199154092,2.422190177258635
18.954019614,3.3716091157877384,-2.734158592790688,2.421706905797294
19.018431542000002,3.3793207584685123,-2.714354114770327,2.420556505630156
19.076951172,3.3846277337676742,-2.7033954423775652,2.4190944681459747
19.136256005,3.391075666997276,-2.6714292923420944,2.419943839058851
19.212636171,3.3908063103110697,-2.613377584760876,2.4212270457464005
19.273294103,3.39542532936505,-2.5942306429615494,2.42073998938245
19.333028669,3.403515660207227,-2.5686529423404503,2.418631095383573
19.393722811,3.411676407453252,-2.5497972512871594,2.4156942168619335
19.455942683,3.4114126204315953,-2.540906657556306,2.409567019013004
19.516003893,3.412182134953263,-2.4881492143451007,2.4005909192627053
19.597816888,3.4169267701949697,-2.4788731594416804,2.3972400612642066
19.659479694,3.418069050074936,-2.478859404376632,2.3970071852303496
19.722952835,3.42081970894166,-2.4801951915124456,2.3967630809602216
19.787126536000002,3.422133663886933,-2.491712862371966,2.3979612409387614
19.849296663,3.421769653596187,-2.5110084408220867,2.401429652115455
19.909047239,3.4192975941058315,-2.541141188217569,2.4074236673609484
19.985834925000002,3.4152900775765973,-2.5708503028323566,2.413972906265397
20.047868921000003,3.4082376222388437,-2.6108141590679734,2.4236044761165765
20.104372071,3.405239640317722,-2.629722447024805,2.4278377482119886
20.165584555000002,3.3937769985028226,-2.676741217675013,2.4424653535127874
20.225649473,3.3996920476842707,-2.7547003732903783,2.4557453307508985
20.287895946000003,3.4117525455752418,-2.788944539458341,2.4595815758362436
20.351824498000003,3.425310346539499,-2.8527451406217845,2.473932810084031
20.433915305000003,3.431733945889857,-2.87600028719547,2.4759637523794975
20.498448545000002,3.4341978939286024,-2.887004250389111,2.478710105653386
20.565590668000002,3.433906715578453,-2.8906161782895765,2.4786098183991725
20.630766769,3.4296843281175704,-2.8845686601737284,2.4797290739090974
20.693877065000002,3.42529461471966,-2.868969263698325,2.476905580211939
20.767881283,3.4186317033602776,-2.844553678761136,2.4730036302930953
20.846057496,3.413090144491605,-2.8127030961884723,2.467515179199792
20.908719714,3.410676092534057,-2.782882475207829,2.4617661640781563
20.971691065,3.4112451138817983,-2.749258045632912,2.4549280557249356
21.034659099000002,3.4136343986211712,-2.703784816754743,2.4467524214016803
21.092965069,3.41680565256887,-2.6828487993171617,2.4429544353625996
21.153922425,3.4198621305853125,-2.6386395402385743,2.4285321180003265
21.233996140000002,3.409805207059751,-2.52473258981654,2.429607487483933
21.294023455,3.3958703940882526,-2.4652859051202602,2.4265993216026702
21.354164939,3.3921191787074156,-2.4264699113130996,2.4225038280384488
21.418564844000002,3.3906252317849095,-2.3961743586706272,2.42282747739967
21.478559166,3.380482659626542,-2.3027528913195274,2.412004998854215
21.542563103000003,3.383745594627079,-2.276879920270233,2.4158816095565245
21.606728909,3.3753662190575473,-2.2101545267182567,2.4033927487427897
21.684036269,3.372779506210212,-2.1570025944471136,2.405290485195995
21.746556185000003,3.365563433071164,-2.081792948337035,2.3965796239516193
21.807946099000002,3.365384169984495,-2.060773879451144,2.396457274725508
21.871930297000002,3.367333090450156,-2.0281751940193087,2.3977834846331336
21.932656681,3.3506543691351385,-1.9487747159204305,2.398731989926184
21.994579574000003,3.36291064894039,-1.9114313853558245,2.4047257579475834
22.071096271000002,3.355844746340178,-1.8403212059881173,2.4095539003878526
22.131434451,3.357179174382776,-1.8067546988696856,2.4079567325954936
22.197548536000003,3.358004874536927,-1.775470117538384,2.400604686578266
22.259688635,3.3479564586846444,-1.6873169855086827,2.392314707432047
22.320037306,3.3491777883176375,-1.675322490413067,2.3912580926710993
22.383630546000003,3.341913841505776,-1.6478737317679808,2.394029569053147
22.465514005000003,3.336315137204521,-1.5539133790646242,2.379042037241073
22.524795443000002,3.336696908959279,-1.5411839027030734,2.3792380834695206
22.58785421,3.3418742592132085,-1.516941058584115,2.3729702555376586
22.648043916000002,3.337036368795708,-1.4403937724404696,2.368976757064235
22.706427885,3.336806593246529,-1.4132999499384302,2.3697420626088923
22.76779221,3.3452807929067774,-1.394365766716385,2.3810257483536437
22.828571133,3.3391700586396365,-1.3347142235707319,2.3797196978067974
22.909059612,3.337467340282044,-1.2988226058741583,2.3801759527538797
22.972892731,3.336904696601502,-1.28037319863174,2.3790311891185256
23.037465376,3.330064992577674,-1.2199690841682345,2.3784278872388476
23.101239423000003,3.329270807746939,-1.2047979119244907,2.378531317452794
23.16911525,3.329280029161745,-1.1906436185875504,2.380322344803414
23.236612713000003,3.3280552994138137,-1.173084919545352,2.380850704027248
23.332260087,3.326780554386065,-1.1514899064407735,2.3806472103915577
23.402142755,3.3211100154472906,-1.0782513537534064,2.3792010779559583
23.470131479000003,3.321231708315351,-1.062991409714385,2.37812378350142
23.537777537,3.322045819369484,-1.0481392370208629,2.3788911740202896
23.597672919,3.3225218784211106,-1.0360218447469587,2.3812420661511204
23.656019256,3.3228811167572143,-0.9724099137291232,2.3795308503464767
23.731566126,3.325349944216661,-0.9580881055186248,2.381005011747579
23.792069633,3.327635421906369,-0.9481078937103409,2.3828296370223603
23.859087938000002,3.3332299422999707,-0.9298343739766364,2.3838889122368423
23.928916443000002,3.343877485998042,-0.9100083245142373,2.3763509976472768
23.987159102000003,3.3450383573632996,-0.8599408838277739,2.376144803352173
24.048428324000003,3.3496462958351323,-0.8435746904663616,2.3755254943557746
24.115819624,3.35691660213923,-0.8330682466520586,2.3763128714642017
24.204255244000002,3.373839835287215,-0.810260310089065,2.3740944908282597
24.272598806,3.3900395605758438,-0.7883907380889456,2.3753391973611757
24.339170066,3.401562293997786,-0.7270209576971481,2.3787523600384097
24.397757145,3.407397553163063,-0.7193683221784742,2.3795886769345422
24.456599451000002,3.4228953669894384,-0.7055875024734477,2.3811531497700122
24.517792547000003,3.443083498635112,-0.6871850431764894,2.381117021994297
24.596803908000002,3.457442819829655,-0.6761186943049118,2.380396576702023
24.656371123000003,3.477199468559927,-0.6169765882051301,2.380888125632761
24.718343851,3.4959358793639645,-0.5991065734846245,2.3789892668515957
24.781133212,3.5219376495482786,-0.579245589100378,2.375328389620587
24.844000984,3.5394213947454656,-0.573880847973945,2.373798178877491
24.905745666,3.5572416289848667,-0.5645739137120993,2.3727752621793403
24.986929364,3.6027506044145627,-0.496352800502637,2.365844291119009
25.048107201,3.6259642249847444,-0.48060775381195664,2.361868870313353
25.109336026,3.636826515773957,-0.47407954975851724,2.360268662344447
25.174005386,3.6573020825216753,-0.46559930475844497,2.3567775898558074
25.237972892000002,3.689447364451396,-0.45252881200754164,2.3489957252422085
25.301839625000003,3.7237907181449392,-0.39542788652497374,2.3421818224585946
25.364568050000003,3.7343350279722403,-0.393895483547024,2.339518956619382
25.439941278000003,3.7548552212011526,-0.38330358045712515,2.3370447855636574
25.500969388,3.780154685585845,-0.3723428940125495,2.33157323316354
25.565048859,3.8034808612939632,-0.3622433425816471,2.3215554966727883
25.627725915000003,3.830132127572627,-0.32177787167526134,2.3143432733081295
25.689924014000002,3.839779009893061,-0.31323194698199663,2.314281325962694
25.748795286,3.8559112551081043,-0.3062210240698822,2.3148935096679244
25.823695508,3.873961836011074,-0.30121195577456394,2.315476152787012
25.887805968000002,3.8957137710397234,-0.29296471891976,2.317127776297184
25.949740774000002,3.909760591160572,-0.2918587169666061,2.31878994290176
26.012044676000002,3.935830153760682,-0.28418940893806555,2.3197643571066613
26.074110422,3.9629714339048454,-0.2501549212032903,2.3238644760737777
26.134236906,3.967973549913495,-0.24489413552296932,2.3242178843124104
26.21204286,3.9695719076956903,-0.24486702654931822,2.3244533013155815
26.272638963000002,3.9726731724480056,-0.24067157919578333,2.324987474155909
26.334452967,3.9717130255298523,-0.24109661713791197,2.324593060689527
26.397167686000003,3.964680710448328,-0.24772903296733254,2.324268981021326
26.459143580000003,3.9610840314728595,-0.25040434525663796,2.3232404178054566
26.518353270000002,3.955517047503878,-0.2540794366573515,2.3226530170263273
26.577919802,3.9517157268747076,-0.259230789486514,2.322473990505782
26.692488100000002,3.943885152867707,-0.2657549949250851,2.3216075393630446
26.768610481000003,3.9399274263112645,-0.2737119899572665,2.320749078429229
26.830548402,3.9379925177549744,-0.27816308671062506,2.320769410714313
26.902535668000002,3.9578854968010257,-0.3299122067429942,2.321555252002762
26.962011818,3.9578854968010257,-0.3299122067429942,2.321555252002762
27.022268772,3.9621898990395104,-0.33404874028561493,2.3210538571002184
27.103735943,3.966807501082382,-0.3378713678857866,2.3217277494233417
27.163527576000003,3.971444923039643,-0.3409408001671771,2.32213231829137
27.228298119,3.9779860432627543,-0.3453252829792382,2.322345372355534
27.292140215000003,3.9861031841389556,-0.3520962116562983,2.322618158624582
27.357849956000003,3.9897153381261092,-0.35313555972496746,2.3233710002775507
27.419546606,3.999207391180661,-0.3598762213971404,2.324182387690153
27.498905932000003,4.001623390813126,-0.35802937952846103,2.324562104558803
27.561795836,4.016320850786311,-0.36591133793781916,2.3254676169670883
27.626780709000002,4.0410024529991455,-0.37988587084585657,2.3270721033349617
27.692114961,4.060528834413605,-0.38824280762471136,2.329719977383685
27.759995436,4.085105237465069,-0.39361993656843985,2.3356720259931056
27.831877170000002,4.111275824834762,-0.4283143493777449,2.3364411895013646
27.897932643,4.120541281859685,-0.43373295958401603,2.3373850662623328
27.97962284,4.1402291363348,-0.44413108793127565,2.340721660749051
28.039604427,4.144863655143257,-0.4445187273977788,2.3400726529851994
28.101431196,4.159150685850376,-0.45006983252389615,2.342330960443431
28.166215114000003,4.16664374025504,-0.449225225492598,2.3435821654207785
28.232826631000002,4.182273198344879,-0.45344605222709694,2.3449877372517425
28.298793544000002,4.191216466410942,-0.45347587822911745,2.345469010580385
28.388913136000003,4.218672633369787,-0.4607978967564237,2.350176939485398
28.453463808000002,4.222079027928316,-0.45994217652385083,2.3503817557776707
28.529281125,4.238101244765158,-0.46484731634879517,2.355488679242446
28.595167693,4.264343041567557,-0.4896910199309848,2.366631225955874
28.662101827,4.273970368885296,-0.49442364064899447,2.3689451812061644
28.728987008,4.277738999402692,-0.4939843549128704,2.3692157493687267
28.814171193000004,4.292631622078421,-0.500214615446941,2.3728332633639697
28.888975881,4.295896680335882,-0.49832261519187904,2.3726928423186044
28.954704788,4.304610281597885,-0.4989326263190603,2.374298395505614
29.022103111000003,4.314353300597408,-0.49994537909051606,2.3763103834504267
29.086787519,4.316635332918911,-0.4979256211142051,2.3762131815375587
29.150496961,4.323439499022459,-0.49745680602582576,2.37769150636456
29.215601443,4.330348197941947,-0.49651788609740155,2.3788366928910825
29.298846466,4.339266252195737,-0.49659738627478267,2.3801202210909334
29.360853049000003,4.349648308893797,-0.49631357833671136,2.3822975286938752
29.424138008000003,4.362144107297882,-0.49662557152865466,2.3846364481177265
29.49054358,4.3639034586055105,-0.4940328385786443,2.3846789968242343
29.554301014000004,4.374536175974243,-0.49401555900540567,2.3866151112126404
29.625502896,4.378038775555691,-0.4918838970963747,2.3874495041799086
29.712841525,4.3928440553920955,-0.49229936467100216,2.3898296269070243
29.778319371000002,4.39701833998989,-0.4903839085831202,2.390744277974377
29.842826780000003,4.407163799570837,-0.48613802460619443,2.3940364698677157
29.907378534000003,4.434219396143748,-0.5006853803056379,2.393602600322876
29.969765244,4.434039077262064,-0.4992721116948164,2.3940511797986286
30.030800888,4.437964578992629,-0.49970618824527807,2.394955809497024
30.10982892,4.444097821681578,-0.5008408750769758,2.396027105726655
30.17317166,4.445401793730607,-0.4997749139067743,2.3965939987827976
30.232285385,4.4415772420451916,-0.4973104511023173,2.39633041489132
30.298067925,4.449915665494011,-0.4988172066538647,2.3977450560795277
30.364924029,4.457809977558437,-0.4996224814813916,2.399406457907958
30.429814521,4.452645106198807,-0.49767607639308753,2.3986628907381027
30.493940170000002,4.460231358190308,-0.4981426064537685,2.400137158791916
30.577975666,4.460969226807318,-0.49643138572383644,2.400900560720356
30.645577517000003,4.464717119279206,-0.4960051530726016,2.4017792515604595
30.713021407000003,4.4673547069291475,-0.49537148709866746,2.4024361922560993
30.780647986,4.470974019624972,-0.49469797215173167,2.4035106384911495
30.846252234,4.480991494194335,-0.4950139053401909,2.4057206117934156
30.952250237,4.49311176110314,-0.48942679487902513,2.4091750737913133
31.035032665000003,4.49311176110314,-0.48942679487902513,2.4091750737913133
31.095970662000003,4.494931047881351,-0.48883893652301946,2.409715530558873
31.153744222,4.493160536628082,-0.48825263743967356,2.409322431808777
31.213959275,4.4989875146468545,-0.4881045906504297,2.4110659368321574
31.271296149,4.493875600505291,-0.4873608155283104,2.4095230488174875
31.332303499000002,4.49668429452084,-0.48703601891195597,2.410204305120932
31.410603176000002,4.494591737220865,-0.48652812429898307,2.409584300864627
31.471337894,4.495220700785074,-0.48601263176868315,2.4103238800695803
31.531787967000003,4.493372269184338,-0.485491480413863,2.409781058668014
31.593429931000003,4.503503953909611,-0.48477818329004,2.4119793652825914
31.650770663000003,4.505441194319878,-0.48431443318049033,2.412726633248626
31.707479695000004,4.50259997090162,-0.4834722424428989,2.41212239495537
31.768595071000004,4.506451840364125,-0.48255516414041194,2.4130004786460293
31.847987420000003,4.512511132290996,-0.48152116058107497,2.4141917851242884
31.910575275000003,4.5034582058982755,-0.48102562721094794,2.4123097462372387
35.901743194000005,4.50973014350588,-0.4804547164920646,2.4136881047260528
35.970257752,4.50973014350588,-0.4804547164920646,2.4136881047260528
36.037596599000004,4.50570983568718,-0.4812285446333411,2.41305948054736
36.102592653,4.513822771018913,-0.4812648804276569,2.414690548284297
36.187619164000004,4.511642141054994,-0.4816895482265187,2.414471603308431
36.248797791,4.501469505965256,-0.4823691142497962,2.4117860335851153
36.311671643000004,4.498442897522513,-0.4827785928635629,2.4113624025630402
36.375683081000005,4.502240961345977,-0.48318037624203486,2.4117877508524987
36.442342689,4.509705938078747,-0.48358548627483433,2.413611562992893
36.508496829,4.501944687894994,-0.48455849617438856,2.4115391641489867
36.596125942,4.498929568400011,-0.4853820022109139,2.4112884475897305
36.665983780000005,4.500787826832921,-0.486324610092938,2.4111593399348448
36.728449581,4.490957033400631,-0.48685928886637597,2.408929625697416
36.795283702,4.48818396090014,-0.4877175738196582,2.408432848158852
36.862363022000004,4.486778472003794,-0.48861386494211073,2.408087737079329
36.929795629000004,4.484001349252714,-0.4894201436320405,2.4072294200629063
36.993990078,4.488043762210872,-0.49076326561390426,2.4082180979664893
37.084641135000005,4.4794490752487715,-0.4915341444281342,2.4058198953495644
37.150141413,4.483828884404037,-0.49301637476027305,2.4069163736370567
37.216805319,4.475974147371431,-0.4933100738185845,2.4046149250861744
37.28514423,4.468764567321813,-0.4933504255893089,2.4033616582246564
37.349053173,4.466284484941553,-0.49419040240577505,2.402449241957888
37.415688684,4.468200090190443,-0.49499662827115687,2.403131646216698
37.500569807000005,4.466360117067058,-0.4965444769713574,2.4016728377096093
37.563726389,4.467047723870518,-0.49772964545512227,2.402236390319257
37.629237248,4.46215001459058,-0.4981629736804852,2.400979752307872
37.694197642,4.458284636679177,-0.49857670240480384,2.3997352024347514
37.758876969,4.449679405324846,-0.49763690317292775,2.3980598467461456
37.82438895,4.454474485864845,-0.49951270831738537,2.3985584235234416
37.911144901,4.452348837723501,-0.5009092934685183,2.3978812129703155
37.982379014,4.44713919602983,-0.5006129367980566,2.3966798635193753
38.055566806,4.442282640748452,-0.5002830655386927,2.3957240445229067
38.123079085,4.438881105394987,-0.5002745187124394,2.39498348480591
38.186563024,4.441512353362979,-0.502740614483619,2.3950809116588365
38.253224334,4.435057309528755,-0.5012813375920785,2.3938460337288956
38.327895926000004,4.432163304315195,-0.5010975201768465,2.393375598020336
38.413023551,4.423953422884547,-0.49811901526702324,2.3917781743627646
38.475135745,4.422922988531042,-0.4984781296014883,2.391647635106228
38.539132505000005,4.423047847395626,-0.49906418507420747,2.3915325814653943
38.652346658,4.406451791380612,-0.4859239458204664,2.3899542216370606
38.715846907,4.406451791380612,-0.4859239458204664,2.3899542216370606
38.782643667,4.407122807959583,-0.48660758874869964,2.389963044227343
38.873537759,4.405936563144379,-0.484434972121293,2.3900558555562803
38.942435169,4.405120544579199,-0.4825518307918431,2.3902371143032126
39.007303387,4.405019271549734,-0.4817158044258174,2.390356312051025
39.07587873,4.405809908200191,-0.48248929492369247,2.390165530992457
39.139731695,4.405945650387268,-0.48191698798833366,2.3903580755921965
39.203898561,4.403453727163669,-0.4755846410292252,2.3908546500956507
39.289994289,4.402669417500847,-0.47075294209305896,2.391601795305488
39.349567172,4.404986076255016,-0.4727788257641744,2.391596639950909
39.415896747000005,4.405423694060009,-0.46964719723099146,2.392007725487661
39.481774648000005,4.406718393930679,-0.468921781367019,2.3922517645839783
39.544729433,4.407503735792035,-0.46530164496703286,2.3929729944519362
39.611450668,4.407624040686289,-0.4562716775126468,2.3948230884931863
39.676262939000004,4.4093707305517125,-0.45422955238097823,2.395033192190394
39.761109766000004,4.411262574823187,-0.4509904243468705,2.3963632019898573
39.829444128000006,4.413260852795574,-0.4443891167923783,2.3978370019061916
39.899948093,4.415509516455761,-0.43954884293245133,2.3992851498814347
39.967039877000005,4.418313263655869,-0.4313184492027091,2.401309054713758
40.038276835000005,4.421291980683947,-0.4260594485768481,2.4024787379463612
40.109232034,4.425944005652692,-0.42284231345223305,2.404080438649316
40.201933464,4.429214922302173,-0.419463893957185,2.405107409591467
40.268910148,4.43461547285321,-0.40794675291995475,2.407691181202547
40.335474342000005,4.438144383104689,-0.4068128265634067,2.408778211159666
40.399511159,4.441591006656743,-0.4049134223569819,2.409275533654369
40.468209357,4.446224846563064,-0.4004854172275942,2.4101803548707696
40.535620643,4.452072599695339,-0.3925778344214551,2.4114593951713603
40.631311034,4.458645263323817,-0.38863549670025366,2.4130639832929304
40.696779912000004,4.463779750969675,-0.3840085296721642,2.413630002384202
40.762878314000005,4.469945015505115,-0.37777141053261115,2.4146501153616007
40.83236902,4.472243560227153,-0.3790349732860188,2.4147403723600758
40.896796544000004,4.4799668000668715,-0.3698674996099018,2.4162020240672084
40.962533184,4.483181763692014,-0.3698760944764014,2.416205266009766
41.026784281000005,4.486182457028749,-0.3677590681939789,2.4168265606028165
41.104244249000004,4.493178365683267,-0.3623764542297353,2.4193091652749703
41.165323495,4.5000906846162545,-0.332915628259376,2.4161560846415946
41.228461852,4.502816371956577,-0.32693327442180037,2.4168534379589532
41.28869067,4.504126876347327,-0.33020080680029845,2.416147496870242
41.349805594,4.508735019132406,-0.3240017542979872,2.4166357491517645
41.410465176,4.508869809270226,-0.3292881959535336,2.4163870526542097
41.497131446000004,4.514693095730655,-0.3229710616135515,2.417627238532003
41.561962662,4.519567037165791,-0.31874859931411614,2.418238429017472
41.628456321,4.521917749296941,-0.3195666374605385,2.4173603666284094
41.695705065000006,4.528891123208623,-0.3136320423112163,2.4191383537307685
41.765092783,4.529915515493295,-0.3163484752117458,2.4176903336059277
41.828546123,4.5313154291272895,-0.318361406586174,2.4189429965287204
41.914049937,4.537643514043356,-0.31314084507927353,2.4191230587321915
41.978040054000004,4.539412153177031,-0.3149785335040145,2.4194951516066094
42.047105636000005,4.543624810935876,-0.31350342964652006,2.420363400071226
42.116327115000004,4.547731348383824,-0.3121172446229621,2.4203951769635452
42.182352558000005,4.551430165235416,-0.31108982857427214,2.421430316942797
42.24839884,4.5537928223794575,-0.31154324871306976,2.4221165312837285
42.312130553,4.559172040080981,-0.30870412924449053,2.4222805173579727
42.387081789,4.563682142957945,-0.30720537746632554,2.422418504025651
42.449763713,4.567837906358138,-0.3057732304927877,2.4233148290109763
42.514619006000004,4.570216224597758,-0.30626338894692723,2.4232743057608745
42.576712492000006,4.570824447722291,-0.3082724686362359,2.4235355274458676
42.640594172,4.574763394386597,-0.3067590151503578,2.42432351607144
42.703796521,4.574941394807483,-0.3086464933565466,2.4243892001376666
42.782532391000004,4.575946071408076,-0.30940259653067426,2.4249285917725536
42.845475564000004,4.578679354469798,-0.3086217881070031,2.425401029544952
42.912017745,4.581789384723142,-0.30697932343584866,2.425929238345705
42.983317443000004,4.58608296166214,-0.3045331905691486,2.4267429207150504
43.055491283,4.595464094058155,-0.2973196826249687,2.428401774204439
43.127828476000005,4.5905913782833565,-0.3013774076159213,2.4279049678021787
43.214169402,4.596117726396777,-0.29684048270461,2.4291289753721212
43.279238865,4.601002989713645,-0.29221251279508265,2.431107655571518
43.344726608,4.603327956221476,-0.28998947392437757,2.431313946731075
43.410341585000005,4.6051766139052,-0.2876786794688068,2.4314491931528712
43.483696156,4.614069212838717,-0.28078257557905334,2.4269582058718107
43.553747744000006,4.633680306361603,-0.25767517618907543,2.429472185367429
43.625659062000004,4.632591432247585,-0.2584402551218041,2.4298666649414282
43.710910903000006,4.633949111991851,-0.25585787577813,2.429651860835479
43.779122390000005,4.638139521893733,-0.2488451278827629,2.4308266820548923
43.849174419,4.639501295967097,-0.24570633479660273,2.431321761221139
43.919816888,4.642900138364644,-0.23936851587965133,2.431695804067435
43.987743650000006,4.640625299492304,-0.2417379170032335,2.432281156334741
44.057198225,4.642421663849638,-0.2383068622457377,2.4323619309651003
44.143916053000005,4.643709818224178,-0.23370222388669365,2.433335211637349
44.210646925000006,4.6432655676797285,-0.2333304375304312,2.4335276617238333
44.279016674000005,4.64287710244376,-0.23267662077231763,2.4330745706884818
44.345901552,4.645437909802959,-0.22615940946786592,2.43450601698097
44.415445799000004,4.64442051258881,-0.22679226273058836,2.4348148732083725
44.483333896000005,4.6448171140796966,-0.22418603461223446,2.4356466778513455
44.571671424,4.652797118229172,-0.20401040933692327,2.438758998238399
44.648718211,4.646590517061796,-0.21554640253335897,2.437118490167885
44.722504637,4.645643043680929,-0.21524800488396556,2.4374326824228216
44.791933954,4.647553676663221,-0.2086190249890381,2.43876457352133
44.861873548000005,4.6482082692321685,-0.2048496600366052,2.4397451980635365
44.928135393000005,4.646662767881225,-0.20552010874305818,2.4398386993010424
44.995457006,4.648430040090016,-0.19790807927182574,2.441255729847957
45.086346557000006,4.647273094313467,-0.1987639787360561,2.441473423146849
45.159019673,4.644505947447626,-0.20374520764080783,2.441091924930409
45.229974119000005,4.646195062487917,-0.19655183476726454,2.441952758877477
45.296943909,4.645552849220528,-0.19569882059129506,2.4424684506654475
45.362327943000004,4.646994869930924,-0.1884632580974594,2.444035951350719
45.429195297,4.646811473835244,-0.1868017052482041,2.4445438558370345
45.509049026,4.6454646081408155,-0.18773109133340538,2.4450531003367386
45.578306555000005,4.645934670272879,-0.1831169782383315,2.4460979118935384
45.648782906,4.645621710251197,-0.18246901200255025,2.4459353002068083
45.717397393000006,4.644829570045636,-0.18158094188581397,2.4463657299692105
45.788917942000005,4.644326518639769,-0.1794670059390998,2.4472156541606345
45.859281237000005,4.643147596504997,-0.17366593208837094,2.445416027129299
45.947317698000006,4.654383221730621,-0.13204917928661675,2.4455166947509963
50.30227137,4.653703572694825,-0.13016560123528323,2.4462554380986705
50.364444358,4.653703572694825,-0.13016560123528323,2.4462554380986705
50.429080289000005,4.652759015923208,-0.13455251780925886,2.4458402948949307
50.495079781,4.6528687381959175,-0.13476833092453877,2.4457750004224854
50.558556164,4.653397378288434,-0.13368736810807305,2.4455381967486303
50.621080213000006,4.65374672768587,-0.13344494649594515,2.445568827252918
50.704118476000005,4.653864084794637,-0.13314594462543008,2.4455449419727215
50.770148547000005,4.653070164824595,-0.13715295963565996,2.4448874198392185
50.835071788,4.653421295779929,-0.13644442370792859,2.445116673572359
50.90369869800001,4.652773525871795,-0.1394410757110149,2.444585995055602
50.970278711000006,4.653221749711359,-0.1392638347415847,2.4444118429348545
51.037322231000005,4.652870896851386,-0.14182283279468727,2.443989597906089
51.121934367,4.653611625701754,-0.1410708167511064,2.443856862573496
51.184077677000005,4.652596634531797,-0.1454386556202256,2.4431350231414855
51.250215774000004,4.652354863243294,-0.14708503757474062,2.442846256169394
51.312885753,4.652835338095109,-0.14617455266232657,2.44296203475811
51.379350706000004,4.652053119116301,-0.14950218307064522,2.4424490683127327
51.448224548000006,4.653903288728735,-0.14528335401014134,2.44272619228419
51.539802266,4.6499110334816,-0.15690017431814024,2.441573008547795
51.605614289,4.6503739971420375,-0.1564344092211082,2.4414716826604193
51.667655003,4.651000000717438,-0.15561515540014134,2.4414427791057007
51.730212306000006,4.650398630980963,-0.15764005752003504,2.441233508415983
51.796149538,4.650878916025825,-0.15731009538196494,2.4410295302748213
51.862494331,4.649029208716519,-0.16150195882308152,2.4408429166008414
51.927359471,4.649021174330813,-0.16204600731299623,2.4406216895693826
52.006912253,4.647587216009017,-0.1655981996070944,2.440431127863797
52.070484699000005,4.647934574409395,-0.16533875272424345,2.4402662952113876
52.134699965,4.636949211961774,-0.18547806487689178,2.440677751881878
52.196805414,4.645503492020046,-0.1701579074138953,2.4401166073154834
52.265226279000004,4.644429924789521,-0.1722058150188446,2.4400785933203544
52.332711564,4.643207285783264,-0.17437530900364004,2.4400538663595075
52.419580950000004,4.640454476781697,-0.17890247482061014,2.440196300867653
52.482995715,4.639305388119278,-0.180809412796225,2.4403089398397806
52.546132056000005,4.638010238439482,-0.18296056537392397,2.440558556449064
52.609707988000004,4.635632186499581,-0.18690570980734547,2.440791547633658
52.675221419,4.637989055153099,-0.18340021295379122,2.4406508525858386
52.740780397,4.637270084668771,-0.18510980402297308,2.440889528677839
52.82672841,4.636969680349441,-0.18674147222059645,2.441114021943082
52.895729426,4.637306375348019,-0.18703526376560753,2.4413468576431017
52.988084541000006,4.639033702502759,-0.18422438036818034,2.441271706591007
53.065772022000004,4.6385211444118095,-0.1873334472926032,2.441743682767459
53.13110699200001,4.639188937985728,-0.18682702055284492,2.4418024888863576
53.197651065,4.638691125058108,-0.19076141883303543,2.442187743811346
53.267573355,4.639264542512312,-0.1912868587553194,2.44226490658487
53.355670260000004,4.640458984461949,-0.18841899849332516,2.442373530439499
53.422850681,4.641066324101442,-0.18838441103981088,2.4424841407415587
53.494818606,4.641501626955572,-0.1891035118097284,2.4427859792918447
53.562112534,4.64170729766039,-0.1943580396941538,2.4431515554744694
53.627347051,4.642336681350165,-0.19997126799462275,2.443429538849175
53.698181156000004,4.643156018450589,-0.19093448939896498,2.443193764940634
53.797405037000004,4.644270008690002,-0.19340520205114645,2.443506878313003
53.871031025,4.645431323112303,-0.19749704220105155,2.4437080528799284
53.944606857000004,4.646955366853076,-0.1990561812232414,2.443903982942443
54.017803403,4.647630482268215,-0.19737491213207958,2.444027463803367
54.08392107,4.648695317996147,-0.19849141979122475,2.4442407138014444
54.144814448000005,4.650014049435089,-0.19974253462427774,2.4441733880979335
54.225909241000004,4.651864702228679,-0.20254317742498976,2.444293908310881
54.290060886000006,4.650880740283789,-0.19689375886759883,2.4443766120879644
54.356152723,4.649759885832844,-0.19228267794942722,2.444234735216046
54.418844233,4.651392751822171,-0.19442637079857852,2.4443610903113
54.502311407,4.661753928306866,-0.20367233140077723,2.4443090259949365
54.569222222,4.661753928306866,-0.20367233140077723,2.4443090259949365
54.633363657000004,4.659840428961382,-0.20013628073142675,2.444279246251277
54.719316688000006,4.6575174897985825,-0.19644264369173525,2.4441390051741445
54.785202521,4.66165927932917,-0.201178847928517,2.4442773518626235
54.849273491000005,4.65752475853115,-0.1953271832664623,2.443945276868994
54.908545906,4.65958167818272,-0.19750407381333296,2.4441105160583216
54.967477059000004,4.658043099782478,-0.19508090671470074,2.4439948249905825
55.038360588,4.658307541142444,-0.1949776751323477,2.4438688215641795
55.118377447,4.658680076731474,-0.19457799111519672,2.443832891956573
55.180993903,4.660936301006837,-0.19629422132741806,2.4437396002236595
55.243879354,4.663797848579037,-0.1985121614841971,2.4438340259786195
55.308609205,4.661569528136212,-0.19541378904863949,2.443721600020088
55.376933034000004,4.660466956271716,-0.19372004524756042,2.4434769839884396
55.441165874000006,4.669469138940651,-0.201534861885113,2.444064283844264
55.529116799,4.664881799631403,-0.19658798778877468,2.4436203956306795
55.593268593000005,4.663586742596186,-0.19478459751305002,2.4434647257260202
55.656906945,4.666807646443511,-0.1969993964589078,2.4437659236495315
55.721202815000005,4.667005692915782,-0.19662622092856258,2.4436865019567438
55.78542963300001,4.667813198114174,-0.19672258733663803,2.4436217548638437
55.850885944000005,4.666714733441981,-0.19529811797974972,2.44354594852186
55.915999579,4.666803789504576,-0.1948693721851049,2.443584679920385
55.993895880000004,4.662011967526572,-0.1907808479212045,2.4431934157928157
56.057400786,4.665281204596129,-0.19283805236851814,2.443603040364067
56.122283009,4.668568946989297,-0.19484749877516497,2.4437664222132214
56.18301717200001,4.6706988940715854,-0.19614649626954686,2.443985354331435
56.24557738,4.670562871816903,-0.19564501499688972,2.443904108238199
56.306657916000006,4.669165236333261,-0.19416895147347,2.443975631651747
56.38800408,4.667272236626467,-0.19251263130250532,2.4437938516361255
56.448043483000006,4.667155147826149,-0.19207310967170804,2.4438856882037236
56.506314221000004,4.667266449133957,-0.19177278445437443,2.4438673480432875
56.576135386000004,4.6660858716685185,-0.19068030978086814,2.443686103947231
56.643552821,4.671396164829122,-0.19377104921927343,2.4443164271122755
56.707545360000005,4.668853952528518,-0.19178644195096783,2.4440536670053254
56.795508107,4.668322708645913,-0.19116149788135658,2.444146123739052
56.861454496,4.66570164429102,-0.18922133187802165,2.4437030931821075
56.936444905,4.663678059714933,-0.1877395334441416,2.4435922080776056
57.009091638,4.6707244346853,-0.19166344540769306,2.4444370118414906
57.077668672,4.672908205375336,-0.19273595658217446,2.4445461697911557
57.141997696000004,4.662276468030375,-0.18634058028419245,2.4436329512676567
57.213128718,4.663475221163763,-0.18692946030080634,2.443662625573025
57.293058460000005,4.667992846516344,-0.18953325651614528,2.4440918543636174
57.358232591000004,4.664519168936265,-0.18746163811959907,2.4438932727792255
57.422514044,4.657000286951926,-0.183057394533969,2.443136343491148
57.488429884000006,4.66265970546169,-0.1864449775179645,2.443708740412523
57.55667935100001,4.660608350021123,-0.1852882436078617,2.4435138720348175
57.62863595300001,4.65426231301243,-0.18153728258698837,2.4428838288023704
57.72420607,4.654432477107825,-0.1817027955202758,2.4429480245810784
57.792765901,4.652997547860962,-0.18086684821602014,2.442845002863565
57.858886363,4.648354212046215,-0.17805024164665922,2.4425185497154764
57.93390457500001,4.649215249935941,-0.17856848793901903,2.4425925617473143
58.007977618000005,4.644240296695935,-0.17553270829090237,2.442251513487373
58.084279587000005,4.64925185768647,-0.17857169687657873,2.442572857147941
58.168100116000005,4.654203571345689,-0.18153513148158495,2.4430005688766943
58.239965614000006,4.654961438216362,-0.18196041237339058,2.443003517003945
58.309004993,4.653183684514252,-0.18081956534141927,2.442826502948262
58.37901651200001,4.650851156711808,-0.17936101370193328,2.4426019935378287
58.452768961000004,4.671141183201544,-0.19060180740619567,2.444669696390639
58.512651464,4.671141183201544,-0.19060180740619567,2.444669696390639
58.577397275,4.675280798796304,-0.19288802401098168,2.445099508167089
58.656163590000006,4.670932909513456,-0.19031350461710567,2.4445904549771846
58.725226614,4.670409551870258,-0.18996816012800657,2.4446162465989487
58.795214157000004,4.67113579950583,-0.19031812242778287,2.444774704026152
58.86478103500001,4.671750251549846,-0.19055141036483886,2.4448467873780144
58.934651434,4.670667502516008,-0.18988759131600183,2.4447455204746116
58.997798665000005,4.67610906038122,-0.19288267423511085,2.445288617579911
59.078682534,4.68117866910213,-0.19549622028811847,2.4461581642410497
59.142753533000004,4.682170734777044,-0.19586765602018627,2.4461897526831122
59.209690998000006,4.688019602175287,-0.19885026898126304,2.4471282262170018
59.279053105,4.685444423098476,-0.19721354522709875,2.4467620268353407
59.346565561000006,4.6919517324577384,-0.2004756325877401,2.447861004800041
59.411293447000006,4.695709965960044,-0.20219554216994579,2.4484205429202683
59.501338069000006,4.7041750006833345,-0.20622749934414478,2.449673103259104
59.565402966,4.703933198047176,-0.20578989607483664,2.4499873481805645
59.634112163000005,4.705415463655076,-0.20617127938664556,2.4502557366259645
59.698471243,4.710456049776632,-0.20842738950597176,2.4510542214831843
59.763457173000006,4.714786634805826,-0.21042019909721688,2.4514178577038357
59.831538438,4.719160877981233,-0.21219288278612608,2.4527396783681614
59.897982599,4.720959350550645,-0.21263888871133846,2.452897704450481
59.982425659,4.733506494663063,-0.21822839307993072,2.454539173300875
60.057875577000004,4.738078301974891,-0.21987040236249267,2.455409952276358
60.12924163900001,4.738326106615242,-0.21946834424694012,2.4554992467016623
60.198593776,4.734376389862648,-0.21691984161831843,2.4555412939372
60.265161633000005,4.744343624687732,-0.22112310422659712,2.4566938137334504
60.329955225000006,4.750928811600383,-0.22171288333690153,2.4477668392906753
60.414773564,4.766347894530883,-0.23283383533057794,2.4526855942486083
60.481850757000004,4.770061414470598,-0.23453177615574047,2.452975083621903
60.549010147000004,4.773562305444376,-0.23604135220373687,2.4530476532779817
60.612772615000004,4.773952305867984,-0.2355516853907872,2.4534816541381526
60.67600736400001,4.774919937485687,-0.23538319106811711,2.4537046905620565
60.738052655000004,4.788065530058725,-0.24039132106719988,2.454919056101116
60.817694617,4.792693424399218,-0.24110873932327073,2.4553959361202904
60.878261839000004,4.792384831832096,-0.23969945382163824,2.455747609024895
60.940316880000005,4.795395305262343,-0.23943588606368663,2.4560213431623965
61.005926544000005,4.80162171486554,-0.23983137301781973,2.456696643437375
61.07014239,4.8078398322674705,-0.23998156477571475,2.4578865961189345
61.131689699000006,4.813173216205323,-0.2397382391162318,2.459529642948165
61.193730211,4.8185503327492425,-0.240009325343838,2.460454941726384
61.276789924000006,4.8194626723822696,-0.23775550794368888,2.460306110739254
61.34122094200001,4.827925953252953,-0.23737995924709093,2.4625629385748655
61.404961879000005,4.831762531139698,-0.23684942055572542,2.4632169960723638
61.472174911,4.83511482010866,-0.23605910462467924,2.464348545629863
61.538443366,4.834125453173387,-0.23537571145411243,2.464233340108849
61.600883794000005,4.837696216819733,-0.23564085464606357,2.465266004341457
61.680861668000006,4.844415683178186,-0.2361342894575249,2.467905657495444
61.746257923,4.852455310090093,-0.23681186285481157,2.4707589752488346
61.80722745600001,4.853036244927818,-0.23741569850072217,2.4686700902098835
61.87587039500001,4.8566270939547405,-0.23818169368182718,2.4725073245293685
61.936133916,4.860946851950528,-0.23921935888457316,2.4733733038851757
61.999067919000005,4.859487177594231,-0.2399479489164717,2.4732089590160635
62.083090334000005,4.860247800714524,-0.24372819971300008,2.48095286937312
62.144727805,4.900235156505567,-0.2560348223977345,2.4856295079781967
62.20810457500001,4.899815139833555,-0.2569568376539244,2.486504482290305
62.274387738,4.905852064580536,-0.2594466584109678,2.487943986207142
62.33889606300001,4.9098581845904,-0.26163451280586825,2.4900429192037477
62.406250006,4.911811711691712,-0.26318582125197343,2.4913319282381883
62.46839554900001,4.917113661480337,-0.26646752869005125,2.493211917699147
62.549964739,4.918792043857073,-0.26829315143518634,2.495643935842759
62.61250050900001,4.922788871105913,-0.27144532119140113,2.4982111119855777
62.681388617,4.930063102321606,-0.27668112063717315,2.500774127528033
62.741297890000006,4.928984093436766,-0.27855599585629476,2.504898080506404
62.79915921400001,4.934856643846271,-0.2840771824459168,2.509511396693311
62.862405063000004,4.936017620690161,-0.28571041218340953,2.511310090379289
62.945542094000004,4.940514387446413,-0.29315009330350994,2.5195618442959233
63.009650253000004,4.941571733301604,-0.29817430021538677,2.5204917281921326
63.07578259700001,4.943235595418111,-0.306223681672753,2.5309314059274324
63.139576836,4.97895156060478,-0.3326138289496039,2.5443930861367923
63.200939481000006,4.975724190557122,-0.33209105687473833,2.5437740365705137
63.261167394000005,4.983035216108314,-0.34150489793698036,2.5509777422685147
63.340422825000005,4.9827601261081815,-0.346603198005915,2.552602200424631
63.40413040800001,4.986359887360934,-0.3554570324840437,2.55884646002506
63.465733754000006,4.983639130055434,-0.35915376031796037,2.5625876090415853
63.531197939,4.982399453656859,-0.3688118511950413,2.5724164191286873
63.596710056000006,4.980872490744676,-0.378015021007707,2.5782013285107466
63.663072069,4.978045711869693,-0.38843603432780177,2.5886129846908363
63.728604044,4.973346439945832,-0.3961652812335822,2.599426239161041
63.80674487100001,4.989636208961317,-0.4266018383075136,2.6198065373254806
63.872709744000005,4.988500369515421,-0.43723732635261203,2.626783485557767
63.936162980000006,4.984540765880472,-0.4440732014195194,2.638052282296072
63.997761517,4.978385210884388,-0.45399487574323844,2.645337179400414
64.06120659700001,4.970987172246408,-0.4623972796868375,2.6532907093396636
64.125134452,4.965738867350552,-0.47315873332453123,2.6619241802423645
64.207562955,4.9500017763737185,-0.48409286407655516,2.684745165801013
64.271204903,4.935486906635522,-0.4996604901392853,2.6920947046463226
64.33505345500001,4.931329913564362,-0.5258420063612315,2.7179948587160374
64.400225471,4.925656746193156,-0.5311911423822087,2.726671017134897
64.461337867,4.922875794692007,-0.5351504437591914,2.7261974562608478
64.522959758,4.914070228006039,-0.5416097616218627,2.736574251630259
64.61066294700001,4.900741131051145,-0.5481246672258524,2.749333434005307
64.672373568,4.887359260779873,-0.5564642847156385,2.757597089536585
64.734871165,4.878977255269243,-0.559792502921518,2.7689798368686542
64.795452905,4.869521251249975,-0.5614471453220626,2.773733758661281
64.856506217,4.851926777859057,-0.5667266731715843,2.7915240606664367
64.919489404,4.839705014627376,-0.5691861010728418,2.7972567565028403
64.982392156,4.8289332202339414,-0.5725955275903596,2.803869183303491
65.06430376,4.813551417125868,-0.59302393191715,2.8073008447248067
65.127562704,4.807891704239809,-0.5950549998755286,2.808983534832766
65.18979111600001,4.800242359470203,-0.5958983510909759,2.8160266755935495
65.250511982,4.795310609457613,-0.5977445805876669,2.81921117896745
65.31310138500001,4.788700308020349,-0.5970327362130683,2.824027435184606
65.376591812,4.779231153485684,-0.5976898749365879,2.830244283105721
65.457736228,4.774904195270185,-0.5948180333040023,2.8336060754838375
65.51986710300001,4.773665524482843,-0.5946927274515079,2.832818669946997
65.58119955000001,4.765390713659436,-0.5942812488300965,2.8387387017154873
65.65213162,4.739527612035665,-0.5902531128056906,2.852407505682403
65.714614047,4.739527612035665,-0.5902531128056906,2.852407505682403
65.777829248,4.739344879434209,-0.5903800731775658,2.849906423137729
65.85893049100001,4.739544999265902,-0.5893792731197778,2.8507332361915445
65.925441258,4.736383442729876,-0.589426211594174,2.853212833606072
65.989816028,4.7358841859079845,-0.5905098283666095,2.850480305938439
66.05461521000001,4.744119985816735,-0.588658260982502,2.847190249083124
66.120725691,4.74197811347582,-0.5891577810615213,2.849229378339537
66.184309798,4.747754395590989,-0.5897034322388895,2.8412203972470995
66.24625722200001,4.7512441290927105,-0.5900727134002987,2.8378551425227942
66.320143946,4.763596629821095,-0.5886418573064454,2.831894207536983
66.381687497,4.77762291959366,-0.5862119495766064,2.826119101184356
66.443197614,4.778758260028139,-0.5875408147368407,2.8230499613718014
66.505213349,4.786238649163411,-0.5863250781300926,2.819120161491212
66.56832616300001,4.796777746285671,-0.5838996090559986,2.815012344710108
66.632688829,4.811923960219549,-0.578976250879571,2.811126043625181
66.712583863,4.832348045267187,-0.5700424127925035,2.808760900760448
66.77427608800001,4.841950468517743,-0.5652588899422427,2.8079236180844807
66.83579521200001,4.848392463161742,-0.5614979794287345,2.807815187996614
66.898277209,4.868147391833057,-0.549029807664042,2.8089090643799017
66.96169183100001,4.872083651884464,-0.5452489740846329,2.810718618033529
67.023246302,4.879921725903917,-0.5385529473107042,2.814052466270998
67.102858155,4.89132135618943,-0.5282028080843956,2.81685728462784
67.166999187,4.902519869210185,-0.5171101546786372,2.8228782259683545
67.23067122100001,4.9081129731045765,-0.5095321091088905,2.8287088564740834
67.290979678,4.911410292157692,-0.5045756262865493,2.832774619267913
67.351306971,4.913586623877484,-0.49868890976676644,2.8390431813199988
67.413650442,4.916444422427141,-0.4927260467784276,2.843441487944261
67.476470817,4.922352276876725,-0.4817832000687822,2.8515115222841336
67.56650478600001,4.925576569543217,-0.464196409483451,2.870242819200054
67.631204958,4.944525602564622,-0.43381187001545185,2.875641688355732
67.69726337,4.946930092327891,-0.4248848356465737,2.8809557540515045
67.760114844,4.948730177361701,-0.41538698197759233,2.887183993117774
67.82626376900001,4.951775447012005,-0.4011863418320403,2.8968868434814516
67.891607893,4.949198585645018,-0.3988419406910762,2.90086738019082
67.978341446,4.949141864562791,-0.3819322501030791,2.9167235042700743
68.043328317,4.947212755097309,-0.3840291699010505,2.9195376598550373
68.112257332,4.946566082414087,-0.37119723952789146,2.9309523236622272
68.178325803,4.945779551634044,-0.35905256243718436,2.941981918038706
68.24461004700001,4.94332074873858,-0.35091727700372005,2.95292117531982
68.31321374000001,4.9415499117197434,-0.33974981313325553,2.965258602439413
68.39923356700001,4.937706925045797,-0.3197018874220767,2.985330951410018
68.46905184500001,4.934973749600403,-0.316232865482244,2.992179584649414
68.538418328,4.926199582548366,-0.3084334939483353,3.0013708727647384
68.605977091,4.937245996356544,-0.2641989929847681,3.0159443011528553
68.675136648,4.936572838787335,-0.2596637955585904,3.019428168333876
68.74904261900001,4.935626599790826,-0.2536430688288284,3.023523931537264
68.815572813,4.935424373236376,-0.2404243262747069,3.0316744152516604
68.897356572,4.9328292586529585,-0.23801836598470374,3.037236087379758
68.965014736,4.9312916920847645,-0.22554379357283935,3.048488788836858
69.03208085600001,4.9303036503602975,-0.2328621924844956,3.045841262054316
69.105824827,4.927960098897825,-0.22830046775272678,3.0493593776073378
69.172446326,4.92587086211872,-0.20983677485182609,3.0660232222253376
69.239982486,4.924491164838028,-0.2151001780214977,3.0646866162335713
69.326685229,4.922792317029359,-0.21199335885452908,3.07052572566855
69.391785357,4.920388591736647,-0.2022643160095375,3.0765650892607965
69.502032463,4.909515810389657,-0.18635063904044255,3.103214075587443
69.567166665,4.909515810389657,-0.18635063904044255,3.103214075587443
69.63150061600001,4.907597087680217,-0.17961248444978983,3.109133144066713
69.693209503,4.905782052008757,-0.17408782125244499,3.1120057596936137
69.78137696900001,4.905359272548196,-0.17589457323448596,3.1133175999991973
69.849015295,4.904111683922537,-0.172210685191266,3.118764137113328
69.914391651,4.903759452842072,-0.1723534876212629,3.1165069049440093
69.978143547,4.900317242815157,-0.160753866487721,3.129891712633917
70.042322141,4.902396684550854,-0.17092528691966377,3.119569027380014
70.110595872,4.904550774720862,-0.16131176208601064,3.1141813281452246
70.175781934,4.903213167595876,-0.12207257165056347,3.1380128570243118
70.255830732,4.902708830227531,-0.11646832476085127,3.1409802091228824
70.32160531000001,4.902077839217704,-0.11610327653836633,3.1438053079451276
70.383395873,4.901527622788768,-0.11322607206750537,3.1454834839745307
70.447483663,4.901349753372494,-0.12030732385716217,3.1406476359025834
70.51310440600001,4.900746700521011,-0.11363203911724352,3.147720696756262
70.579234735,4.900482252054287,-0.10933513243263011,3.150434901008084
70.660488008,4.900628735737069,-0.10908192796550249,3.151525522054649
70.730281719,4.901377191387258,-0.11588321400250166,3.147267059403947
70.795403648,4.901628404461763,-0.10867981422310853,3.152098886235257
70.864492639,4.902639226646206,-0.1138343009765994,3.1487275328673516
70.93477269,4.903704069637263,-0.11421493300169697,3.148254242526092
71.00402311100001,4.904704446064638,-0.11662595825041217,3.145303959237223
71.091916893,4.906591491954179,-0.11943092404107473,3.143446460649684
71.158511972,4.907486267980025,-0.12274161868053447,3.140258464604056
71.22475071800001,4.909803672827584,-0.11715289827976413,3.144640644376613
71.293958387,4.908998098266178,-0.12818064361043435,3.1368301792001776
71.362873495,4.909178793731466,-0.1324071561145214,3.1332758251642927
71.428198423,4.91107941518385,-0.1293552467452674,3.136068690316493
71.498808696,4.9121054214181905,-0.13001412461916387,3.134615906658999
71.585206625,4.912335605030659,-0.13233760652785284,3.1338751934786497
